vehicle_id,vehicle_type,speed,frame_number,timestamp
0,car,0,43,2026-01-14 21:54:08
1,car,0,43,2026-01-14 21:54:08
2,car,0,44,2026-01-14 21:54:08
3,car,0,44,2026-01-14 21:54:08
4,car,0,44,2026-01-14 21:54:08
5,car,0,44,2026-01-14 21:54:08
6,car,0,44,2026-01-14 21:54:08
7,car,0,44,2026-01-14 21:54:08
8,car,0,45,2026-01-14 21:54:08
9,car,0,45,2026-01-14 21:54:08
10,car,0,45,2026-01-14 21:54:08
11,car,0,45,2026-01-14 21:54:08
12,truck,0,45,2026-01-14 21:54:08
13,car,0,45,2026-01-14 21:54:08
14,car,0,46,2026-01-14 21:54:08
15,car,0,46,2026-01-14 21:54:08
16,car,0,46,2026-01-14 21:54:08
17,car,0,46,2026-01-14 21:54:08
18,car,0,47,2026-01-14 21:54:09
19,car,0,49,2026-01-14 21:54:09
20,car,0,50,2026-01-14 21:54:09
21,car,0,50,2026-01-14 21:54:09
22,car,0,50,2026-01-14 21:54:09
23,truck,0,50,2026-01-14 21:54:09
24,car,0,50,2026-01-14 21:54:09
25,car,0,51,2026-01-14 21:54:09
26,car,0,51,2026-01-14 21:54:09
27,truck,0,52,2026-01-14 21:54:09
28,car,0,54,2026-01-14 21:54:09
29,car,0,54,2026-01-14 21:54:09
30,car,0,54,2026-01-14 21:54:09
31,car,0,54,2026-01-14 21:54:09
32,car,0,54,2026-01-14 21:54:09
33,car,0,55,2026-01-14 21:54:09
34,truck,0,55,2026-01-14 21:54:09
35,car,0,57,2026-01-14 21:54:10
36,car,0,65,2026-01-14 21:54:10
37,truck,0,65,2026-01-14 21:54:10
38,car,0,65,2026-01-14 21:54:10
39,car,0,66,2026-01-14 21:54:10
40,car,0,67,2026-01-14 21:54:11
41,car,0,68,2026-01-14 21:54:11
42,car,0,69,2026-01-14 21:54:11
43,car,0,70,2026-01-14 21:54:11
44,truck,0,71,2026-01-14 21:54:11
45,car,0,71,2026-01-14 21:54:11
46,car,0,72,2026-01-14 21:54:11
47,car,0,72,2026-01-14 21:54:11
48,car,0,73,2026-01-14 21:54:11
49,truck,0,73,2026-01-14 21:54:11
50,car,0,74,2026-01-14 21:54:11
51,truck,0,74,2026-01-14 21:54:11
52,car,0,77,2026-01-14 21:54:11
53,car,0,79,2026-01-14 21:54:12
54,car,0,80,2026-01-14 21:54:12
55,car,0,80,2026-01-14 21:54:12
56,truck,0,82,2026-01-14 21:54:12
57,car,0,83,2026-01-14 21:54:12
58,car,0,84,2026-01-14 21:54:12
59,truck,0,84,2026-01-14 21:54:12
60,car,0,85,2026-01-14 21:54:12
61,car,0,86,2026-01-14 21:54:12
62,car,0,87,2026-01-14 21:54:12
63,car,0,88,2026-01-14 21:54:13
64,car,0,89,2026-01-14 21:54:13
65,car,0,92,2026-01-14 21:54:13
66,car,0,92,2026-01-14 21:54:13
67,car,0,92,2026-01-14 21:54:13
68,car,0,92,2026-01-14 21:54:13
69,car,0,96,2026-01-14 21:54:13
70,car,0,96,2026-01-14 21:54:13
71,car,0,96,2026-01-14 21:54:13
72,truck,0,96,2026-01-14 21:54:13
73,car,0,97,2026-01-14 21:54:13
74,car,0,97,2026-01-14 21:54:13
75,car,0,97,2026-01-14 21:54:13
76,car,0,97,2026-01-14 21:54:13
77,car,0,97,2026-01-14 21:54:13
78,car,0,98,2026-01-14 21:54:14
79,car,0,98,2026-01-14 21:54:14
80,car,0,98,2026-01-14 21:54:14
81,car,0,98,2026-01-14 21:54:14
82,car,0,98,2026-01-14 21:54:14
83,car,0,98,2026-01-14 21:54:14
84,car,0,98,2026-01-14 21:54:14
85,truck,0,98,2026-01-14 21:54:14
86,car,0,99,2026-01-14 21:54:14
87,motorcycle,0,101,2026-01-14 21:54:14
88,car,0,102,2026-01-14 21:54:14
89,car,0,102,2026-01-14 21:54:14
90,car,0,106,2026-01-14 21:54:14
91,car,0,107,2026-01-14 21:54:15
92,car,0,107,2026-01-14 21:54:15
93,car,0,107,2026-01-14 21:54:15
94,car,0,108,2026-01-14 21:54:15
95,car,0,109,2026-01-14 21:54:15
96,car,0,109,2026-01-14 21:54:15
97,car,0,109,2026-01-14 21:54:15
98,car,0,109,2026-01-14 21:54:15
99,car,0,110,2026-01-14 21:54:15
100,car,0,110,2026-01-14 21:54:15
101,car,0,110,2026-01-14 21:54:15
102,car,0,110,2026-01-14 21:54:15
103,car,0,110,2026-01-14 21:54:15
104,car,0,110,2026-01-14 21:54:15
105,car,0,110,2026-01-14 21:54:15
106,car,0,110,2026-01-14 21:54:15
107,car,0,110,2026-01-14 21:54:15
108,truck,0,110,2026-01-14 21:54:15
109,car,0,111,2026-01-14 21:54:15
110,bus,0,111,2026-01-14 21:54:15
111,car,0,112,2026-01-14 21:54:15
112,car,0,112,2026-01-14 21:54:15
113,car,0,112,2026-01-14 21:54:15
114,car,0,114,2026-01-14 21:54:15
115,car,0,114,2026-01-14 21:54:15
116,bus,0,115,2026-01-14 21:54:16
117,car,0,115,2026-01-14 21:54:16
118,car,0,116,2026-01-14 21:54:16
119,car,0,117,2026-01-14 21:54:16
120,motorcycle,0,117,2026-01-14 21:54:16
121,truck,0,117,2026-01-14 21:54:16
122,car,0,119,2026-01-14 21:54:16
123,car,0,119,2026-01-14 21:54:16
124,car,0,120,2026-01-14 21:54:16
125,car,0,121,2026-01-14 21:54:16
126,car,0,121,2026-01-14 21:54:16
127,car,0,121,2026-01-14 21:54:16
128,car,0,121,2026-01-14 21:54:16
129,car,0,121,2026-01-14 21:54:16
130,car,0,121,2026-01-14 21:54:16
131,car,0,122,2026-01-14 21:54:16
132,truck,0,123,2026-01-14 21:54:17
133,car,0,124,2026-01-14 21:54:17
134,car,0,124,2026-01-14 21:54:17
135,car,0,125,2026-01-14 21:54:17
136,bus,0,125,2026-01-14 21:54:17
137,car,0,125,2026-01-14 21:54:17
138,car,0,125,2026-01-14 21:54:17
139,car,0,126,2026-01-14 21:54:17
140,car,0,127,2026-01-14 21:54:17
141,truck,0,127,2026-01-14 21:54:17
142,car,0,128,2026-01-14 21:54:17
143,car,0,128,2026-01-14 21:54:17
144,car,0,129,2026-01-14 21:54:17
145,car,0,131,2026-01-14 21:54:17
146,truck,0,132,2026-01-14 21:54:18
147,car,0,132,2026-01-14 21:54:18
148,car,0,133,2026-01-14 21:54:18
149,car,0,133,2026-01-14 21:54:18
150,bus,0,134,2026-01-14 21:54:18
151,car,0,137,2026-01-14 21:54:18
152,car,0,137,2026-01-14 21:54:18
153,bus,0,137,2026-01-14 21:54:18
154,car,0,138,2026-01-14 21:54:18
155,truck,0,139,2026-01-14 21:54:18
156,car,0,139,2026-01-14 21:54:18
157,car,0,139,2026-01-14 21:54:18
158,car,0,140,2026-01-14 21:54:19
159,bus,0,141,2026-01-14 21:54:19
160,car,0,141,2026-01-14 21:54:19
161,car,0,142,2026-01-14 21:54:19
162,truck,0,144,2026-01-14 21:54:19
163,truck,0,145,2026-01-14 21:54:19
164,car,0,145,2026-01-14 21:54:19
165,car,0,146,2026-01-14 21:54:19
166,car,0,146,2026-01-14 21:54:19
167,car,0,147,2026-01-14 21:54:19
168,car,0,147,2026-01-14 21:54:19
169,car,0,147,2026-01-14 21:54:19
170,car,0,148,2026-01-14 21:54:19
171,car,0,148,2026-01-14 21:54:19
172,car,0,151,2026-01-14 21:54:20
173,truck,0,152,2026-01-14 21:54:20
174,car,0,153,2026-01-14 21:54:20
175,car,0,153,2026-01-14 21:54:20
176,car,0,153,2026-01-14 21:54:20
177,car,0,153,2026-01-14 21:54:20
178,car,0,153,2026-01-14 21:54:20
179,car,0,155,2026-01-14 21:54:20
180,car,0,155,2026-01-14 21:54:20
181,car,0,155,2026-01-14 21:54:20
182,car,0,155,2026-01-14 21:54:20
183,car,0,155,2026-01-14 21:54:20
184,car,0,155,2026-01-14 21:54:20
185,car,0,155,2026-01-14 21:54:20
186,car,0,155,2026-01-14 21:54:20
187,car,0,156,2026-01-14 21:54:20
188,car,0,156,2026-01-14 21:54:20
189,bus,0,156,2026-01-14 21:54:20
190,car,0,156,2026-01-14 21:54:20
191,car,0,157,2026-01-14 21:54:21
192,car,0,157,2026-01-14 21:54:21
193,car,0,157,2026-01-14 21:54:21
194,bus,0,158,2026-01-14 21:54:21
195,car,0,158,2026-01-14 21:54:21
196,car,0,158,2026-01-14 21:54:21
197,truck,0,159,2026-01-14 21:54:21
198,car,0,160,2026-01-14 21:54:21
199,car,0,160,2026-01-14 21:54:21
200,car,0,161,2026-01-14 21:54:21
201,car,0,161,2026-01-14 21:54:21
202,car,0,161,2026-01-14 21:54:21
203,car,0,161,2026-01-14 21:54:21
204,car,0,161,2026-01-14 21:54:21
205,car,0,161,2026-01-14 21:54:21
206,car,0,161,2026-01-14 21:54:21
207,car,0,161,2026-01-14 21:54:21
208,car,0,161,2026-01-14 21:54:21
209,car,0,162,2026-01-14 21:54:21
210,car,0,162,2026-01-14 21:54:21
211,car,0,162,2026-01-14 21:54:21
212,car,0,162,2026-01-14 21:54:21
213,car,0,162,2026-01-14 21:54:21
214,car,0,162,2026-01-14 21:54:21
215,car,0,163,2026-01-14 21:54:21
216,car,0,163,2026-01-14 21:54:21
217,car,0,164,2026-01-14 21:54:21
218,car,0,164,2026-01-14 21:54:21
219,car,0,164,2026-01-14 21:54:21
220,car,0,165,2026-01-14 21:54:22
221,car,0,165,2026-01-14 21:54:22
222,car,0,166,2026-01-14 21:54:22
223,car,0,166,2026-01-14 21:54:22
224,car,0,166,2026-01-14 21:54:22
225,car,0,166,2026-01-14 21:54:22
226,car,0,166,2026-01-14 21:54:22
227,car,0,166,2026-01-14 21:54:22
228,car,0,167,2026-01-14 21:54:22
229,car,0,167,2026-01-14 21:54:22
230,car,0,167,2026-01-14 21:54:22
231,car,0,167,2026-01-14 21:54:22
232,car,0,167,2026-01-14 21:54:22
233,car,0,167,2026-01-14 21:54:22
234,car,0,168,2026-01-14 21:54:22
235,car,0,168,2026-01-14 21:54:22
236,car,0,168,2026-01-14 21:54:22
237,car,0,169,2026-01-14 21:54:22
238,car,0,170,2026-01-14 21:54:22
239,car,0,172,2026-01-14 21:54:22
240,bus,0,173,2026-01-14 21:54:23
241,car,0,173,2026-01-14 21:54:23
242,car,0,173,2026-01-14 21:54:23
243,car,0,173,2026-01-14 21:54:23
244,car,0,175,2026-01-14 21:54:23
245,car,0,175,2026-01-14 21:54:23
246,car,0,175,2026-01-14 21:54:23
247,car,0,176,2026-01-14 21:54:23
248,car,0,176,2026-01-14 21:54:23
249,car,0,176,2026-01-14 21:54:23
250,bus,0,176,2026-01-14 21:54:23
251,car,0,177,2026-01-14 21:54:23
252,car,0,177,2026-01-14 21:54:23
253,car,0,177,2026-01-14 21:54:23
254,car,0,177,2026-01-14 21:54:23
255,car,0,177,2026-01-14 21:54:23
256,car,0,177,2026-01-14 21:54:23
257,car,0,177,2026-01-14 21:54:23
258,car,0,177,2026-01-14 21:54:23
259,car,0,177,2026-01-14 21:54:23
260,car,0,177,2026-01-14 21:54:23
261,car,0,178,2026-01-14 21:54:23
262,car,0,178,2026-01-14 21:54:23
263,car,0,178,2026-01-14 21:54:23
264,car,0,178,2026-01-14 21:54:23
265,car,0,179,2026-01-14 21:54:23
266,car,0,180,2026-01-14 21:54:23
267,car,0,181,2026-01-14 21:54:24
268,car,0,181,2026-01-14 21:54:24
269,car,0,181,2026-01-14 21:54:24
270,car,0,182,2026-01-14 21:54:24
271,car,0,182,2026-01-14 21:54:24
272,car,0,182,2026-01-14 21:54:24
273,car,0,182,2026-01-14 21:54:24
274,car,0,183,2026-01-14 21:54:24
275,car,0,183,2026-01-14 21:54:24
276,car,0,183,2026-01-14 21:54:24
277,car,0,185,2026-01-14 21:54:24
278,car,0,186,2026-01-14 21:54:24
279,car,0,186,2026-01-14 21:54:24
280,car,0,186,2026-01-14 21:54:24
281,car,0,186,2026-01-14 21:54:24
282,car,0,187,2026-01-14 21:54:24
283,car,0,188,2026-01-14 21:54:24
284,car,0,188,2026-01-14 21:54:24
285,truck,0,189,2026-01-14 21:54:25
286,car,0,190,2026-01-14 21:54:25
287,car,0,190,2026-01-14 21:54:25
288,car,0,190,2026-01-14 21:54:25
289,car,0,190,2026-01-14 21:54:25
290,car,0,190,2026-01-14 21:54:25
291,car,0,190,2026-01-14 21:54:25
292,car,0,190,2026-01-14 21:54:25
293,car,0,190,2026-01-14 21:54:25
294,car,0,191,2026-01-14 21:54:25
295,car,0,191,2026-01-14 21:54:25
296,car,0,191,2026-01-14 21:54:25
297,truck,0,191,2026-01-14 21:54:25
298,car,0,191,2026-01-14 21:54:25
299,car,0,192,2026-01-14 21:54:25
300,car,0,192,2026-01-14 21:54:25
301,car,0,193,2026-01-14 21:54:25
302,car,0,194,2026-01-14 21:54:25
303,car,0,194,2026-01-14 21:54:25
304,car,0,195,2026-01-14 21:54:25
305,car,0,196,2026-01-14 21:54:26
306,car,0,196,2026-01-14 21:54:26
307,car,0,197,2026-01-14 21:54:26
308,truck,0,197,2026-01-14 21:54:26
309,car,0,197,2026-01-14 21:54:26
310,car,0,198,2026-01-14 21:54:26
311,car,0,198,2026-01-14 21:54:26
312,car,0,198,2026-01-14 21:54:26
313,car,0,198,2026-01-14 21:54:26
314,car,0,199,2026-01-14 21:54:26
315,car,0,199,2026-01-14 21:54:26
316,car,0,199,2026-01-14 21:54:26
317,car,0,199,2026-01-14 21:54:26
318,car,0,200,2026-01-14 21:54:26
319,car,0,200,2026-01-14 21:54:26
320,car,0,200,2026-01-14 21:54:26
321,car,0,200,2026-01-14 21:54:26
322,car,0,200,2026-01-14 21:54:26
323,car,0,201,2026-01-14 21:54:26
324,car,0,201,2026-01-14 21:54:26
325,car,0,201,2026-01-14 21:54:26
326,car,0,201,2026-01-14 21:54:26
327,truck,0,201,2026-01-14 21:54:26
328,car,0,201,2026-01-14 21:54:26
329,car,0,201,2026-01-14 21:54:26
330,car,0,201,2026-01-14 21:54:26
331,car,0,202,2026-01-14 21:54:26
332,car,0,202,2026-01-14 21:54:26
333,car,0,202,2026-01-14 21:54:26
334,car,0,202,2026-01-14 21:54:26
335,car,0,202,2026-01-14 21:54:26
336,car,0,202,2026-01-14 21:54:26
337,car,0,203,2026-01-14 21:54:26
338,car,0,203,2026-01-14 21:54:26
339,car,0,205,2026-01-14 21:54:27
340,truck,0,206,2026-01-14 21:54:27
341,car,0,207,2026-01-14 21:54:27
342,car,0,207,2026-01-14 21:54:27
343,car,0,209,2026-01-14 21:54:27
344,car,0,210,2026-01-14 21:54:27
345,car,0,211,2026-01-14 21:54:27
346,car,0,213,2026-01-14 21:54:28
347,bus,0,213,2026-01-14 21:54:28
348,car,0,213,2026-01-14 21:54:28
349,car,0,213,2026-01-14 21:54:28
350,car,0,214,2026-01-14 21:54:28
351,car,0,216,2026-01-14 21:54:28
352,car,0,219,2026-01-14 21:54:28
353,car,0,219,2026-01-14 21:54:28
354,car,0,219,2026-01-14 21:54:28
355,car,0,220,2026-01-14 21:54:28
356,car,0,220,2026-01-14 21:54:28
357,car,0,221,2026-01-14 21:54:29
358,car,0,221,2026-01-14 21:54:29
359,car,0,221,2026-01-14 21:54:29
360,car,0,222,2026-01-14 21:54:29
361,car,0,222,2026-01-14 21:54:29
362,car,0,223,2026-01-14 21:54:29
363,car,0,224,2026-01-14 21:54:29
364,car,0,224,2026-01-14 21:54:29
365,car,0,225,2026-01-14 21:54:29
366,car,0,225,2026-01-14 21:54:29
367,car,0,225,2026-01-14 21:54:29
368,car,0,226,2026-01-14 21:54:29
369,car,0,229,2026-01-14 21:54:30
370,car,0,231,2026-01-14 21:54:30
371,car,0,232,2026-01-14 21:54:30
372,car,0,233,2026-01-14 21:54:30
373,car,0,233,2026-01-14 21:54:30
374,car,0,233,2026-01-14 21:54:30
375,car,0,233,2026-01-14 21:54:30
376,car,0,2717,2026-01-14 21:58:20
377,car,0,2717,2026-01-14 21:58:20
378,car,0,2723,2026-01-14 21:58:20
379,car,0,2723,2026-01-14 21:58:20
380,car,0,2725,2026-01-14 21:58:20
381,car,0,2726,2026-01-14 21:58:20
382,car,0,2727,2026-01-14 21:58:21
383,car,0,2728,2026-01-14 21:58:21
384,car,0,2729,2026-01-14 21:58:21
385,car,0,2735,2026-01-14 21:58:21
386,car,0,2743,2026-01-14 21:58:22
387,car,0,2747,2026-01-14 21:58:23
388,car,0,2748,2026-01-14 21:58:23
389,bus,0,2752,2026-01-14 21:58:23
390,car,0,2753,2026-01-14 21:58:23
391,car,0,2756,2026-01-14 21:58:23
392,car,0,2759,2026-01-14 21:58:24
393,car,0,2761,2026-01-14 21:58:24
394,car,0,2764,2026-01-14 21:58:24
395,car,0,2773,2026-01-14 21:58:25
396,car,0,2777,2026-01-14 21:58:25
397,car,0,2786,2026-01-14 21:58:26
398,car,0,2789,2026-01-14 21:58:26
399,car,0,2794,2026-01-14 21:58:27
400,car,0,2798,2026-01-14 21:58:27
401,car,0,2803,2026-01-14 21:58:28
402,car,0,2805,2026-01-14 21:58:28
403,car,0,2808,2026-01-14 21:58:28
404,bus,0,2808,2026-01-14 21:58:28
405,car,0,2809,2026-01-14 21:58:28
406,car,0,2809,2026-01-14 21:58:28
407,car,0,2814,2026-01-14 21:58:29
408,car,0,2814,2026-01-14 21:58:29
409,car,0,2814,2026-01-14 21:58:29
410,car,0,2815,2026-01-14 21:58:29
411,car,0,2817,2026-01-14 21:58:29
412,car,0,2818,2026-01-14 21:58:29
413,car,0,2818,2026-01-14 21:58:29
414,car,0,2818,2026-01-14 21:58:29
415,car,0,2819,2026-01-14 21:58:29
416,car,0,2819,2026-01-14 21:58:29
417,car,0,2820,2026-01-14 21:58:29
418,car,0,2820,2026-01-14 21:58:29
419,car,0,2821,2026-01-14 21:58:30
420,car,0,2823,2026-01-14 21:58:30
421,car,0,2825,2026-01-14 21:58:30
422,car,0,2826,2026-01-14 21:58:30
423,car,0,2826,2026-01-14 21:58:30
424,car,0,2828,2026-01-14 21:58:30
425,car,0,2828,2026-01-14 21:58:30
426,car,0,2828,2026-01-14 21:58:30
427,car,0,2828,2026-01-14 21:58:30
428,car,0,2829,2026-01-14 21:58:30
429,car,0,2829,2026-01-14 21:58:30
430,car,0,2829,2026-01-14 21:58:30
431,car,0,2829,2026-01-14 21:58:30
432,car,0,2832,2026-01-14 21:58:31
433,car,0,2832,2026-01-14 21:58:31
434,car,0,2832,2026-01-14 21:58:31
435,car,0,2834,2026-01-14 21:58:31
436,car,0,2834,2026-01-14 21:58:31
437,car,0,2837,2026-01-14 21:58:31
438,car,0,2837,2026-01-14 21:58:31
439,car,0,2837,2026-01-14 21:58:31
440,car,0,2838,2026-01-14 21:58:31
441,car,0,2840,2026-01-14 21:58:31
442,car,0,2844,2026-01-14 21:58:32
443,car,0,2848,2026-01-14 21:58:32
444,car,0,2848,2026-01-14 21:58:32
445,car,0,2849,2026-01-14 21:58:32
446,car,0,2849,2026-01-14 21:58:32
447,car,0,2849,2026-01-14 21:58:32
448,car,0,2849,2026-01-14 21:58:32
449,car,0,2850,2026-01-14 21:58:32
450,car,0,2850,2026-01-14 21:58:32
451,car,0,2850,2026-01-14 21:58:32
452,car,0,2850,2026-01-14 21:58:32
453,car,0,2850,2026-01-14 21:58:32
454,car,0,2851,2026-01-14 21:58:33
455,car,0,2851,2026-01-14 21:58:33
456,car,0,2851,2026-01-14 21:58:33
457,car,0,2852,2026-01-14 21:58:33
458,car,0,2852,2026-01-14 21:58:33
459,car,0,2853,2026-01-14 21:58:33
460,car,0,2853,2026-01-14 21:58:33
461,car,0,2854,2026-01-14 21:58:33
462,car,0,2855,2026-01-14 21:58:33
463,car,0,2858,2026-01-14 21:58:33
464,car,0,2858,2026-01-14 21:58:33
465,car,0,2858,2026-01-14 21:58:33
466,car,0,2859,2026-01-14 21:58:33
467,car,0,2859,2026-01-14 21:58:33
468,car,0,2860,2026-01-14 21:58:34
469,car,0,2863,2026-01-14 21:58:34
470,car,0,2864,2026-01-14 21:58:34
471,car,0,2864,2026-01-14 21:58:34
472,car,0,2867,2026-01-14 21:58:34
473,car,0,2867,2026-01-14 21:58:34
474,car,0,2868,2026-01-14 21:58:34
475,car,0,2868,2026-01-14 21:58:34
476,bus,0,2868,2026-01-14 21:58:34
477,car,0,3119,2026-01-14 21:59:01
478,car,0,3120,2026-01-14 21:59:01
479,car,0,3121,2026-01-14 21:59:01
480,car,0,3128,2026-01-14 21:59:02
481,car,0,3129,2026-01-14 21:59:02
482,car,0,3131,2026-01-14 21:59:02
483,car,0,3131,2026-01-14 21:59:02
484,car,0,3131,2026-01-14 21:59:02
485,car,0,3133,2026-01-14 21:59:02
486,car,0,3134,2026-01-14 21:59:02
487,car,0,3135,2026-01-14 21:59:02
488,car,0,3136,2026-01-14 21:59:02
489,car,0,3136,2026-01-14 21:59:03
490,car,0,3137,2026-01-14 21:59:03
491,car,0,3137,2026-01-14 21:59:03
492,car,0,3137,2026-01-14 21:59:03
493,car,0,3141,2026-01-14 21:59:03
494,car,0,3149,2026-01-14 21:59:04
495,car,0,3154,2026-01-14 21:59:05
496,car,0,3161,2026-01-14 21:59:05
497,car,0,3161,2026-01-14 21:59:05
498,car,0,3162,2026-01-14 21:59:05
499,car,0,3162,2026-01-14 21:59:05
500,car,0,3162,2026-01-14 21:59:05
501,car,0,3167,2026-01-14 21:59:06
502,car,0,3167,2026-01-14 21:59:06
503,car,0,3167,2026-01-14 21:59:06
504,car,0,3168,2026-01-14 21:59:06
505,car,0,3168,2026-01-14 21:59:06
506,car,0,3170,2026-01-14 21:59:06
507,car,0,3171,2026-01-14 21:59:06
508,car,0,3171,2026-01-14 21:59:06
509,car,0,3172,2026-01-14 21:59:07
510,car,0,3172,2026-01-14 21:59:07
511,car,0,3174,2026-01-14 21:59:07
512,car,0,3175,2026-01-14 21:59:07
513,car,0,3175,2026-01-14 21:59:07
514,car,0,3176,2026-01-14 21:59:07
515,car,0,3177,2026-01-14 21:59:07
516,car,0,3178,2026-01-14 21:59:07
517,car,0,3179,2026-01-14 21:59:07
518,car,0,3180,2026-01-14 21:59:07
519,car,0,3181,2026-01-14 21:59:08
520,car,0,3181,2026-01-14 21:59:08
521,car,0,3181,2026-01-14 21:59:08
522,car,0,3181,2026-01-14 21:59:08
523,car,0,3182,2026-01-14 21:59:08
524,car,0,3184,2026-01-14 21:59:08
525,car,0,3186,2026-01-14 21:59:08
526,car,0,3186,2026-01-14 21:59:08
527,car,0,3188,2026-01-14 21:59:08
528,car,0,3188,2026-01-14 21:59:08
529,car,0,3188,2026-01-14 21:59:08
530,car,0,3189,2026-01-14 21:59:08
531,car,0,3189,2026-01-14 21:59:08
532,car,0,3190,2026-01-14 21:59:09
533,car,0,3190,2026-01-14 21:59:09
534,car,0,3194,2026-01-14 21:59:09
535,car,0,3194,2026-01-14 21:59:09
536,car,0,3195,2026-01-14 21:59:09
537,car,0,3195,2026-01-14 21:59:09
538,car,0,3196,2026-01-14 21:59:09
539,car,0,3196,2026-01-14 21:59:09
540,car,0,3196,2026-01-14 21:59:09
541,car,0,3196,2026-01-14 21:59:09
542,car,0,3198,2026-01-14 21:59:10
543,car,0,3198,2026-01-14 21:59:10
544,car,0,3199,2026-01-14 21:59:10
545,car,0,3201,2026-01-14 21:59:10
546,car,0,3201,2026-01-14 21:59:10
547,car,0,3201,2026-01-14 21:59:10
548,car,0,3202,2026-01-14 21:59:10
549,car,0,3202,2026-01-14 21:59:10
550,car,0,3204,2026-01-14 21:59:10
551,car,0,3205,2026-01-14 21:59:11
552,car,0,3205,2026-01-14 21:59:11
553,car,0,3206,2026-01-14 21:59:11
554,car,0,3206,2026-01-14 21:59:11
555,car,0,3206,2026-01-14 21:59:11
556,car,0,3208,2026-01-14 21:59:11
557,car,0,3213,2026-01-14 21:59:12
558,car,0,3214,2026-01-14 21:59:12
559,car,0,3216,2026-01-14 21:59:12
560,car,0,3218,2026-01-14 21:59:12
561,car,0,3223,2026-01-14 21:59:13
562,car,0,3223,2026-01-14 21:59:13
563,car,0,3224,2026-01-14 21:59:13
564,car,0,3225,2026-01-14 21:59:13
565,car,0,3226,2026-01-14 21:59:13
566,car,0,3227,2026-01-14 21:59:13
567,car,0,3228,2026-01-14 21:59:13
568,car,0,3228,2026-01-14 21:59:13
569,car,0,3234,2026-01-14 21:59:14
570,car,0,3235,2026-01-14 21:59:14
571,car,0,3236,2026-01-14 21:59:14
572,car,0,3240,2026-01-14 21:59:15
573,car,0,3242,2026-01-14 21:59:15
574,car,0,3242,2026-01-14 21:59:15
575,car,0,3246,2026-01-14 21:59:16
576,car,0,3246,2026-01-14 21:59:16
577,car,0,3246,2026-01-14 21:59:16
578,car,0,3246,2026-01-14 21:59:16
579,car,0,3247,2026-01-14 21:59:16
580,car,0,3248,2026-01-14 21:59:16
581,car,0,3249,2026-01-14 21:59:16
582,car,0,3252,2026-01-14 21:59:16
583,car,0,3252,2026-01-14 21:59:16
584,car,0,3252,2026-01-14 21:59:16
585,car,0,3252,2026-01-14 21:59:16
586,car,0,3253,2026-01-14 21:59:16
587,car,0,3255,2026-01-14 21:59:17
588,car,0,3255,2026-01-14 21:59:17
589,car,0,3255,2026-01-14 21:59:17
590,car,0,3255,2026-01-14 21:59:17
591,car,0,3255,2026-01-14 21:59:17
592,car,0,3256,2026-01-14 21:59:17
593,car,0,3256,2026-01-14 21:59:17
594,car,0,3256,2026-01-14 21:59:17
595,car,0,3256,2026-01-14 21:59:17
596,car,0,3256,2026-01-14 21:59:17
597,car,0,3258,2026-01-14 21:59:17
598,car,0,3260,2026-01-14 21:59:17
599,bus,0,3263,2026-01-14 21:59:18
600,car,0,3264,2026-01-14 21:59:18
601,car,0,3264,2026-01-14 21:59:18
602,car,0,3265,2026-01-14 21:59:18
603,car,0,3265,2026-01-14 21:59:18
604,car,0,3265,2026-01-14 21:59:18
605,car,0,3267,2026-01-14 21:59:18
606,car,0,3267,2026-01-14 21:59:18
607,car,0,3267,2026-01-14 21:59:18
608,car,0,3267,2026-01-14 21:59:18
609,car,0,3268,2026-01-14 21:59:18
610,car,0,3268,2026-01-14 21:59:18
611,truck,0,3269,2026-01-14 21:59:18
612,car,0,3269,2026-01-14 21:59:18
613,car,0,3270,2026-01-14 21:59:18
614,car,0,3271,2026-01-14 21:59:19
615,car,0,3271,2026-01-14 21:59:19
616,car,0,3271,2026-01-14 21:59:19
617,car,0,3272,2026-01-14 21:59:19
618,car,0,3272,2026-01-14 21:59:19
619,car,0,3272,2026-01-14 21:59:19
620,car,0,3274,2026-01-14 21:59:19
621,car,0,3274,2026-01-14 21:59:19
622,car,0,3275,2026-01-14 21:59:19
623,car,0,3275,2026-01-14 21:59:19
624,car,0,3275,2026-01-14 21:59:19
625,car,0,3276,2026-01-14 21:59:19
626,car,0,3276,2026-01-14 21:59:19
627,car,0,3276,2026-01-14 21:59:19
628,car,0,3279,2026-01-14 21:59:20
629,car,0,3281,2026-01-14 21:59:20
630,car,0,3283,2026-01-14 21:59:20
631,car,0,3284,2026-01-14 21:59:20
632,car,0,3291,2026-01-14 21:59:21
633,car,0,3371,2026-01-14 21:59:29
634,car,0,3372,2026-01-14 21:59:29
635,car,0,3372,2026-01-14 21:59:29
636,car,0,3376,2026-01-14 21:59:30
637,car,0,3377,2026-01-14 21:59:30
638,car,0,3379,2026-01-14 21:59:30
639,car,0,3379,2026-01-14 21:59:30
640,car,0,3379,2026-01-14 21:59:30
641,car,0,3379,2026-01-14 21:59:30
642,car,0,3380,2026-01-14 21:59:30
643,car,0,3381,2026-01-14 21:59:30
644,car,0,3383,2026-01-14 21:59:30
645,car,0,3383,2026-01-14 21:59:30
646,car,0,3389,2026-01-14 21:59:31
647,car,0,3392,2026-01-14 21:59:31
648,car,0,3392,2026-01-14 21:59:31
649,car,0,3392,2026-01-14 21:59:31
650,car,0,3392,2026-01-14 21:59:31
651,car,0,3393,2026-01-14 21:59:32
652,car,0,3393,2026-01-14 21:59:32
653,car,0,3393,2026-01-14 21:59:32
654,car,0,3395,2026-01-14 21:59:32
655,car,0,3396,2026-01-14 21:59:32
656,car,0,3397,2026-01-14 21:59:32
657,car,0,3399,2026-01-14 21:59:32
658,car,0,3399,2026-01-14 21:59:32
659,car,0,3405,2026-01-14 21:59:33
660,car,0,3410,2026-01-14 21:59:33
661,car,0,3418,2026-01-14 21:59:34
662,bus,0,3420,2026-01-14 21:59:35
663,car,0,3420,2026-01-14 21:59:35
664,car,0,3422,2026-01-14 21:59:35
665,car,0,3424,2026-01-14 21:59:35
666,car,0,3429,2026-01-14 21:59:36
667,car,0,3430,2026-01-14 21:59:36
668,car,0,3434,2026-01-14 21:59:36
669,car,0,3436,2026-01-14 21:59:36
670,car,0,3440,2026-01-14 21:59:37
671,car,0,3442,2026-01-14 21:59:37
672,car,0,3445,2026-01-14 21:59:37
673,car,0,3448,2026-01-14 21:59:38
674,car,0,3449,2026-01-14 21:59:38
675,car,0,3449,2026-01-14 21:59:38
676,car,0,3450,2026-01-14 21:59:38
677,car,0,3451,2026-01-14 21:59:38
678,car,0,3451,2026-01-14 21:59:38
679,car,0,3451,2026-01-14 21:59:38
680,car,0,3454,2026-01-14 21:59:38
681,car,0,3456,2026-01-14 21:59:39
682,car,0,3456,2026-01-14 21:59:39
683,car,0,3456,2026-01-14 21:59:39
684,car,0,3457,2026-01-14 21:59:39
685,car,0,3457,2026-01-14 21:59:39
686,car,0,3457,2026-01-14 21:59:39
687,car,0,3457,2026-01-14 21:59:39
688,car,0,3460,2026-01-14 21:59:39
689,car,0,3461,2026-01-14 21:59:39
690,car,0,3461,2026-01-14 21:59:39
691,car,0,3461,2026-01-14 21:59:39
692,car,0,3461,2026-01-14 21:59:39
693,car,0,3461,2026-01-14 21:59:39
694,car,0,3462,2026-01-14 21:59:39
695,car,0,3462,2026-01-14 21:59:39
696,car,0,3463,2026-01-14 21:59:39
697,car,0,3464,2026-01-14 21:59:40
698,car,0,3464,2026-01-14 21:59:40
699,car,0,3464,2026-01-14 21:59:40
700,car,0,3466,2026-01-14 21:59:40
701,car,0,3466,2026-01-14 21:59:40
702,car,0,3466,2026-01-14 21:59:40
703,car,0,3467,2026-01-14 21:59:40
704,car,0,3471,2026-01-14 21:59:40
705,car,0,3472,2026-01-14 21:59:41
706,car,0,3473,2026-01-14 21:59:41
707,car,0,3474,2026-01-14 21:59:41
708,car,0,3474,2026-01-14 21:59:41
709,car,0,3478,2026-01-14 21:59:41
710,car,0,3478,2026-01-14 21:59:41
711,car,0,3481,2026-01-14 21:59:42
712,car,0,3481,2026-01-14 21:59:42
713,car,0,3482,2026-01-14 21:59:42
714,car,0,3483,2026-01-14 21:59:42
715,car,0,3483,2026-01-14 21:59:42
716,car,0,3484,2026-01-14 21:59:42
717,car,0,3484,2026-01-14 21:59:42
718,car,0,3484,2026-01-14 21:59:42
719,car,0,3484,2026-01-14 21:59:42
720,car,0,3486,2026-01-14 21:59:42
721,car,0,3487,2026-01-14 21:59:42
722,car,0,3488,2026-01-14 21:59:42
723,car,0,3489,2026-01-14 21:59:43
724,car,0,3494,2026-01-14 21:59:43
725,car,0,3494,2026-01-14 21:59:43
726,car,0,3495,2026-01-14 21:59:43
727,car,0,3498,2026-01-14 21:59:44
728,car,0,3499,2026-01-14 21:59:44
729,car,0,3500,2026-01-14 21:59:44
730,car,0,3501,2026-01-14 21:59:44
731,bus,0,3501,2026-01-14 21:59:44
732,car,0,3501,2026-01-14 21:59:44
733,car,0,3502,2026-01-14 21:59:44
734,car,0,3502,2026-01-14 21:59:44
735,car,0,3503,2026-01-14 21:59:44
736,car,0,3503,2026-01-14 21:59:44
737,car,0,3503,2026-01-14 21:59:44
738,car,0,3504,2026-01-14 21:59:45
739,car,0,3507,2026-01-14 21:59:45
740,car,0,3507,2026-01-14 21:59:45
741,car,0,3507,2026-01-14 21:59:45
742,car,0,3508,2026-01-14 21:59:45
743,car,0,3508,2026-01-14 21:59:45
744,bus,0,3509,2026-01-14 21:59:45
745,car,0,3510,2026-01-14 21:59:45
746,car,0,3510,2026-01-14 21:59:45
747,car,0,3512,2026-01-14 21:59:46
748,car,0,3516,2026-01-14 21:59:46
749,car,0,3516,2026-01-14 21:59:46
750,car,0,3516,2026-01-14 21:59:46
751,car,0,3517,2026-01-14 21:59:46
752,car,0,3517,2026-01-14 21:59:46
753,car,0,3517,2026-01-14 21:59:46
754,car,0,3517,2026-01-14 21:59:46
755,car,0,3518,2026-01-14 21:59:46
756,car,0,3518,2026-01-14 21:59:46
757,bus,0,3518,2026-01-14 21:59:46
758,car,0,3519,2026-01-14 21:59:47
759,car,0,3520,2026-01-14 21:59:47
760,car,0,3520,2026-01-14 21:59:47
761,car,0,3521,2026-01-14 21:59:47
762,car,0,3521,2026-01-14 21:59:47
763,bus,0,3521,2026-01-14 21:59:47
764,car,0,3521,2026-01-14 21:59:47
765,car,0,3522,2026-01-14 21:59:47
766,car,0,3522,2026-01-14 21:59:47
767,car,0,3523,2026-01-14 21:59:47
768,car,0,3525,2026-01-14 21:59:47
769,car,0,3527,2026-01-14 21:59:47
770,car,0,3528,2026-01-14 21:59:48
771,car,0,3528,2026-01-14 21:59:48
772,car,0,3528,2026-01-14 21:59:48
773,car,0,3528,2026-01-14 21:59:48
774,car,0,3529,2026-01-14 21:59:48
775,car,0,3529,2026-01-14 21:59:48
776,car,0,3529,2026-01-14 21:59:48
777,car,0,3530,2026-01-14 21:59:48
778,car,0,3532,2026-01-14 21:59:48
779,car,0,3533,2026-01-14 21:59:48
780,car,0,3534,2026-01-14 21:59:48
781,car,0,3536,2026-01-14 21:59:49
782,car,0,3537,2026-01-14 21:59:49
